name,slug,category,brand,model,description,specifications,price,currency,stockQuantity,images,isFeatured,isActive
"iPhone 17 Pro Max 256GB","iphone-17-pro-max-256gb","phone","Apple","iPhone 17 Pro Max","The 2026 flagship featuring the A19 Pro chip and a new 6.9-inch display.","{ ""display"": ""6.9-inch Super Retina XDR"", ""processor"": ""A19 Pro"", ""ram"": ""12GB"", ""storage"": ""256GB"", ""camera"": ""48MP Main, 48MP UW, 48MP Tele"", ""os"": ""iOS 19"" }",185000,KSH,10,"[""https://images.apple.com/iphone-17-pro-max.jpg""]",true,true
"Samsung Galaxy S26 Ultra 512GB","samsung-galaxy-s26-ultra-512gb","phone","Samsung","Galaxy S26 Ultra","Samsung's 2026 ultra-premium flagship with Snapdragon 8 Gen 5 and 200MP sensor.","{ ""display"": ""6.8-inch Dynamic AMOLED 3X"", ""processor"": ""Snapdragon 8 Gen 5"", ""ram"": ""16GB"", ""storage"": ""512GB"", ""camera"": ""200MP Quad"", ""os"": ""Android 16"" }",145000,KSH,12,"[""https://images.samsung.com/galaxy-s26-ultra.jpg""]",true,true
"iPhone 17 Air 256GB","iphone-17-air-256gb","phone","Apple","iPhone 17 Air","The thinnest iPhone ever made with an all-new slim titanium chassis.","{ ""display"": ""6.6-inch OLED"", ""processor"": ""A19 chip"", ""ram"": ""8GB"", ""storage"": ""256GB"", ""camera"": ""48MP Single Pro"", ""os"": ""iOS 19"" }",135000,KSH,8,"[""https://images.apple.com/iphone-17-air.jpg""]",true,true
"MacBook Pro 14-inch M5 512GB","macbook-pro-14-m5-512gb","laptop","Apple","MacBook Pro 14-inch","Revolutionary M5 chip performance for professional creative workflows.","{ ""display"": ""14.2-inch Liquid Retina XDR"", ""processor"": ""Apple M5"", ""ram"": ""16GB"", ""storage"": ""512GB SSD"", ""os"": ""macOS Monterey"" }",235000,KSH,5,"[""https://images.apple.com/macbook-pro-m5.jpg""]",true,true
"Xiaomi 15 Ultra 1TB","xiaomi-15-ultra-1tb","phone","Xiaomi","15 Ultra","Camera powerhouse with Leica optics and high-speed storage.","{ ""display"": ""6.73-inch LTPO OLED"", ""processor"": ""Snapdragon 8 Gen 4"", ""ram"": ""16GB"", ""storage"": ""1TB"", ""camera"": ""50MP Quad Leica"" }",140000,KSH,4,"[""https://mi.com/xiaomi-15-ultra.jpg""]",true,true
"HP Omen 16 Max RTX 5080","hp-omen-16-max-rtx5080","laptop","HP","Omen 16 Max","Extreme gaming laptop with the latest RTX 5080 16GB GPU.","{ ""display"": ""16-inch QHD 240Hz"", ""processor"": ""Intel Core Ultra 9 275HX"", ""ram"": ""32GB"", ""storage"": ""1TB SSD"", ""graphics"": ""RTX 5080"" }",495000,KSH,3,"[""https://hp.com/omen-16-max.jpg""]",true,true
"Oppo Reno15 F 5G","oppo-reno-15-f-5g","phone","Oppo","Reno15 F","Stylish mid-range king with impressive portrait photography.","{ ""display"": ""6.7-inch AMOLED"", ""processor"": ""Dimensity 8300"", ""ram"": ""8GB"", ""storage"": ""256GB"", ""os"": ""ColorOS 16"" }",62000,KSH,20,"[""https://oppo.com/reno15f.jpg""]",false,true
"Vivo X200 Pro","vivo-x200-pro","phone","Vivo","X200 Pro","Professional imaging flagship with Zeiss optics and Dimensity 9400.","{ ""display"": ""6.78-inch OLED"", ""processor"": ""Dimensity 9400"", ""ram"": ""16GB"", ""storage"": ""512GB"", ""camera"": ""50MP Zeiss"" }",128000,KSH,6,"[""https://vivo.com/x200pro.jpg""]",true,true
"Dell XPS 13 9315 i7","dell-xps-13-9315-i7","laptop","Dell","XPS 13","The ultimate ultra-portable laptop with 13.4-inch InfinityEdge display.","{ ""display"": ""13.4-inch FHD+"", ""processor"": ""Intel Core i7-1250U"", ""ram"": ""16GB"", ""storage"": ""512GB SSD"" }",255000,KSH,10,"[""https://dell.com/xps13.jpg""]",false,true
"Lenovo Legion Pro 7 Gen 10","lenovo-legion-pro-7-g10","laptop","Lenovo","Legion Pro 7","Premium gaming power with RTX 5080 and 240Hz OLED display.","{ ""display"": ""16-inch OLED 240Hz"", ""processor"": ""Intel Core Ultra 9"", ""ram"": ""64GB"", ""storage"": ""1TB SSD"" }",595000,KSH,2,"[""https://lenovo.com/legion-pro-7.jpg""]",true,true
"Samsung Galaxy A56 5G","samsung-galaxy-a56-5g","phone","Samsung","Galaxy A56","Reliable mid-range performance with glass build and 50MP OIS camera.","{ ""display"": ""6.6-inch Super AMOLED"", ""processor"": ""Exynos 1580"", ""ram"": ""8GB"", ""storage"": ""256GB"" }",42000,KSH,30,"[""https://samsung.com/galaxy-a56.jpg""]",false,true
"ASUS Vivobook Go 14","asus-vivobook-go-14","laptop","ASUS","Vivobook Go 14","Affordable student-friendly laptop with a lightweight design.","{ ""display"": ""14-inch FHD"", ""processor"": ""Intel Core i3-N305"", ""ram"": ""8GB"", ""storage"": ""256GB SSD"" }",49000,KSH,15,"[""https://asus.com/vivobook-go.jpg""]",false,true
"iPhone 16e 128GB","iphone-16e-128gb","phone","Apple","iPhone 16e","The most affordable entry to the modern iPhone lineup with A18 chip.","{ ""display"": ""6.1-inch Retina"", ""processor"": ""A18 Bionic"", ""ram"": ""6GB"", ""storage"": ""128GB"" }",75000,KSH,40,"[""https://apple.com/iphone-16e.jpg""]",false,true
"MacBook Air 15-inch M4","macbook-air-15-m4","laptop","Apple","MacBook Air 15-inch","Powerful M4 chip in a slim 15.3-inch form factor for daily productivity.","{ ""display"": ""15.3-inch Liquid Retina"", ""processor"": ""Apple M4"", ""ram"": ""16GB"", ""storage"": ""256GB SSD"" }",165000,KSH,18,"[""https://apple.com/macbook-air-15.jpg""]",true,true
"Samsung Galaxy Z Fold 7","samsung-galaxy-z-fold-7","phone","Samsung","Galaxy Z Fold 7","The leading foldable experience with a slimmer profile and massive screen.","{ ""display"": ""7.6-inch Foldable Dynamic AMOLED"", ""processor"": ""Snapdragon 8 Gen 5"", ""ram"": ""12GB"", ""storage"": ""512GB"" }",189000,KSH,5,"[""https://samsung.com/z-fold-7.jpg""]",true,true
"Redmi Note 15 Pro 5G","redmi-note-15-pro-5g","phone","Xiaomi","Redmi Note 15 Pro","Outstanding value with 200MP camera and 120Hz display.","{ ""display"": ""6.67-inch AMOLED"", ""processor"": ""Dimensity 7200"", ""ram"": ""12GB"", ""storage"": ""256GB"" }",39000,KSH,25,"[""https://mi.com/redmi-note-15.jpg""]",false,true
"HP Pavilion x360 14-inch","hp-pavilion-x360-14","laptop","HP","Pavilion x360","Versatile 2-in-1 touchscreen laptop for home and school tasks.","{ ""display"": ""14-inch FHD Touch"", ""processor"": ""Intel Core i5-1335U"", ""ram"": ""16GB"", ""storage"": ""1TB SSD"" }",114000,KSH,12,"[""https://hp.com/pavilion-x360.jpg""]",false,true
"Lenovo ThinkPad X1 Carbon Gen 12","lenovo-thinkpad-x1-carbon-g12","laptop","Lenovo","ThinkPad X1 Carbon","The world's best business ultrabook, now lighter with a 2.8K OLED.","{ ""display"": ""14-inch 2.8K OLED"", ""processor"": ""Intel Core Ultra 7"", ""ram"": ""32GB"", ""storage"": ""1TB SSD"" }",220000,KSH,8,"[""https://lenovo.com/thinkpad-x1.jpg""]",true,true
"Vivo V60 5G","vivo-v60-5g","phone","Vivo","V60 5G","Slim and elegant design focused on portrait photography excellence.","{ ""display"": ""6.7-inch Curved AMOLED"", ""processor"": ""Snapdragon 7 Gen 3"", ""ram"": ""12GB"", ""storage"": ""256GB"" }",57000,KSH,14,"[""https://vivo.com/v60.jpg""]",false,true
"Asus ROG Zephyrus G14","asus-rog-zephyrus-g14","laptop","ASUS","ROG Zephyrus G14","Compact 14-inch gaming beast with OLED display and RTX 4070.","{ ""display"": ""14-inch 3K OLED"", ""processor"": ""AMD Ryzen 9 8945HS"", ""ram"": ""32GB"", ""graphics"": ""RTX 4070"" }",285000,KSH,4,"[""https://asus.com/rog-zephyrus-g14.jpg""]",true,true
"Oppo Find X9 Pro","oppo-find-x9-pro","phone","Oppo","Find X9 Pro","Ultra-premium camera flagship with Hasselblad color tuning.","{ ""display"": ""6.82-inch AMOLED"", ""processor"": ""Snapdragon 8 Gen 5"", ""ram"": ""16GB"", ""storage"": ""512GB"" }",129000,KSH,3,"[""https://oppo.com/find-x9-pro.jpg""]",true,true
"Xiaomi Poco F7 Ultra","xiaomi-poco-f7-ultra","phone","Xiaomi","Poco F7 Ultra","Budget flagship performance killer with high-speed charging.","{ ""display"": ""6.8-inch AMOLED"", ""processor"": ""Snapdragon 8 Gen 4"", ""ram"": ""16GB"", ""storage"": ""512GB"" }",83000,KSH,15,"[""https://mi.com/poco-f7.jpg""]",false,true
"Google Pixel 10a","google-pixel-10a","phone","Google","Pixel 10a","AI-powered photography in a compact, affordable Google design.","{ ""display"": ""6.1-inch OLED"", ""processor"": ""Google Tensor G5"", ""ram"": ""8GB"", ""storage"": ""128GB"" }",80900,KSH,10,"[""https://google.com/pixel-10a.jpg""]",false,true
"Samsung Galaxy S26 Plus","samsung-galaxy-s26-plus","phone","Samsung","Galaxy S26 Plus","The balanced flagship with a large flat display and triple cameras.","{ ""display"": ""6.7-inch AMOLED"", ""processor"": ""Snapdragon 8 Gen 5"", ""ram"": ""12GB"", ""storage"": ""256GB"" }",115000,KSH,11,"[""https://samsung.com/galaxy-s26-plus.jpg""]",false,true
"iPhone 17 Pro 256GB","iphone-17-pro-256gb","phone","Apple","iPhone 17 Pro","The professional standard with A19 Pro chip and pro-grade video.","{ ""display"": ""6.3-inch Super Retina XDR"", ""processor"": ""A19 Pro"", ""ram"": ""12GB"", ""storage"": ""256GB"" }",165000,KSH,15,"[""https://apple.com/iphone-17-pro.jpg""]",true,true
"HP OmniBook Ultra 14","hp-omnibook-ultra-14","laptop","HP","OmniBook Ultra 14","AI-integrated professional laptop with Core Ultra 7 256V.","{ ""display"": ""14-inch OLED"", ""processor"": ""Intel Core Ultra 7"", ""ram"": ""16GB"", ""storage"": ""1TB SSD"" }",185000,KSH,7,"[""https://hp.com/omnibook-ultra.jpg""]",true,true
"Dell Latitude 7450","dell-latitude-7450","laptop","Dell","Latitude 7450","Durable and secure business laptop for modern hybrid work.","{ ""display"": ""14-inch FHD+"", ""processor"": ""Intel Core i5-1345U"", ""ram"": ""16GB"", ""storage"": ""512GB SSD"" }",168000,KSH,20,"[""https://dell.com/latitude-7450.jpg""]",false,true
"Lenovo Yoga Slim 7","lenovo-yoga-slim-7","laptop","Lenovo","Yoga Slim 7","Sleek AI-powered ultrabook featuring Snapdragon X Elite.","{ ""display"": ""14.5-inch 3K OLED"", ""processor"": ""Snapdragon X Elite"", ""ram"": ""32GB"", ""storage"": ""1TB SSD"" }",155000,KSH,9,"[""https://lenovo.com/yoga-slim-7.jpg""]",true,true
"ASUS Zenbook 14 OLED","asus-zenbook-14-oled","laptop","ASUS","Zenbook 14","Premium thin-and-light laptop with a stunning OLED panel.","{ ""display"": ""14-inch 2.8K OLED"", ""processor"": ""Intel Core Ultra 7"", ""ram"": ""16GB"", ""storage"": ""1TB SSD"" }",145000,KSH,11,"[""https://asus.com/zenbook-14.jpg""]",false,true
"Samsung Galaxy S25 FE","samsung-galaxy-s25-fe","phone","Samsung","Galaxy S25 FE","The latest Fan Edition offering flagship power at a lower price.","{ ""display"": ""6.7-inch AMOLED"", ""processor"": ""Exynos 2400"", ""ram"": ""8GB"", ""storage"": ""256GB"" }",71800,KSH,18,"[""https://samsung.com/galaxy-s25-fe.jpg""]",false,true
